{
  "BirdeyeDomains": [
    {"domain": "birdeye.com"},
    {"domain": "ci.birdeye.com"},
    {"domain": "devops.birdeye.com"}
  ],
  "ResellerDomains": [
{"domain" : "fusionreviews.com"},
{"domain" : "reviews.getlegal.com"},
{"domain" : "linkrightmediareviews.com"},
{"domain" : "reviews.plumberseo.net"},
{"domain" : "reviews.autorepairseo.net"},
{"domain" : "reviews.contractorseo.net"},
{"domain" : "reviews.healthcareseo.net"},
{"domain" : "reviews.mpactmagic.com"},
{"domain" : "reviews.isocialreviews.com"},
{"domain" : "reviews.itackitreviews.com"},
{"domain" : "reviews.reviewmydrycleaner.com"},
{"domain" : "reviews.reviewmanagement.com"},
{"domain" : "reviews.bigmouth-marketing.com"},
{"domain" : "reviews.ekomi-us.com"},
{"domain" : "reviews.leverb.com"},
{"domain" : "reviews.revlocal.com"},
{"domain" : "reviews.misocialview.com"},
{"domain" : "reviews.mygoodreviews.com"},
{"domain" : "reviews.netjumps.com"},
{"domain" : "reviews.reviewmyweddingpro.com"},
{"domain" : "reviews.bigmouthmarketing.co"},
{"domain" : "reviews.reputationandreviews.com"},
{"domain" : "lawyerreviews.localattorneyusa.com"},
{"domain" : "rm.sproutloud.com"},
{"domain" : "reviews.automagicreferrals.com"},
{"domain" : "reviews.cignex.com"},
{"domain" : "reviews.ihealthspot.com"},
{"domain" : "reviews.fcereviewoptimizer.com"},
{"domain" : "reviews.econcept.biz"},
{"domain" : "reviews.thisisboss.com"},
{"domain" : "reviews.vwm.com"},
{"domain" : "limelight.planetsuccess.com"},
{"domain" : "insight.droisys.com"},
{"domain" : "insight.droisysdigital.com"},
{"domain" : "iambusinesswebsite.com"},
{"domain" : "performancedriven.net"},
{"domain" : "ourreviews.today"},
{"domain" : "mylocalreviews.co"},
{"domain" : "reviews.selectbraces.com"},
{"domain" : "reviews.connectthedoc.com"},
{"domain" : "realpatientreviews.com"},
{"domain" : "reviews.practicecompass.com"},
{"domain" : "reviews.yurz.com"},
{"domain" : "reviews.avidratings.com"},
{"domain" : "reviewprophet.winwithteamwork.com"},
{"domain" : "reputation.reachlocal.com"},
{"domain" : "reviews.movingz.com"},
{"domain" : "reviews.businessactualization.com"},
{"domain" : "mohawkbuzzlocal.com"},
{"domain" : "reviews.zilkermarketing.com"},
{"domain" : "orm.jamespublishing.com"},
{"domain" : "reviews.reputationinsider.net"},
{"domain" : "reviews.dealersunited.com"},
{"domain" : "reviews.physicianreferralmarketing.com"},
{"domain" : "reviews.howdwedo.net"},
{"domain" : "ratingadviser.com"},
{"domain" : "reviews.digisearch.com"},
{"domain" : "reviews.cercatalent.com"},
{"domain" : "reviews.sproutmarketinggroup.com"},
{"domain" : "portal.reviewmystay.com"},
{"domain" : "reviews.emsearchconsulting.com"},
{"domain" : "lunarpages.directivegroup.com"},
{"domain" : "my.bizonline.reviews"},
{"domain" : "reviews.bizinga.com"},
{"domain" : "reviews.stormbraindesigns.com"},
{"domain" : "my.actualcustomer.reviews"},
{"domain" : "reviews.creekmoremarketing.com"},
{"domain" : "reviews.realtimereviews.com"},
{"domain" : "reviews.launchinglocal.com"},
{"domain" : "reviews.striventa.com"},
{"domain" : "reviews.pumc.com"},
{"domain" : "reviews.practicereviewer.com"},
{"domain" : "reviews.firmfinder.net"},
{"domain" : "login.reviewstars.com"},
{"domain" : "reviews.esparkmedia.com"},
{"domain" : "reviews.cybermark.com"},
{"domain" : "reputation.cliquestudios.com"},
{"domain" : "reviews.threelayermarketing.com"},
{"domain" : "reviews.lawlytics.com"},
{"domain" : "reviews.cherishlocal.com"},
{"domain" : "login-user.caughtondigitalmarketing.com"},
{"domain" : "reviews.hylyte.me"},
{"domain" : "pro.siftedreviews.com"},
{"domain" : "reputation.iddigital.us"},
{"domain" : "reviews.tech-critic.com"},
{"domain" : "reviews.uppercervicalcare.com"},
{"domain" : "login.revufuel.com"},
{"domain" : "reviews.tmadvertisingsolutions.com"},
{"domain" : "review.doctormultimedia.com"},
{"domain" : "reviews.cristadigital.org"},
{"domain" : "reviews.blueprintadvertising.com"},
{"domain" : "reviews.stormbrain.us"},
{"domain" : "fivestar.killerreviews.agency"},
{"domain" : "reviewlogics.net"},
{"domain" : "reviews.pageonewd.com"},
{"domain" : "app.reviewpro.live"},
{"domain" : "reviews.emrgonline.com"},
{"domain" : "reviews.pegasusonlinemarketing.com"},
{"domain" : "reviews.strunkmedia.com"},
{"domain" : "reviews.bottomlineblack.com"},
{"domain" : "gathermyreviews.co"},
{"domain" : "my.realpractice.reviews"},
{"domain" : "reviews.onlinemarketingmedia.net"},
{"domain" : "reviews.advocatedigital.com"},
{"domain" : "reviews.localbusinesssearch.com"},
{"domain" : "reviews.firm-media.com"},
{"domain" : "review.bitmotomarketing.com"},
{"domain" : "carringtonmortgagereviews.com"},
{"domain" : "reviews.joonjoon.com"},
{"domain" : "reviewsby.tseg.com"},
{"domain" : "reviews.zilkermarketing.com"},
{"domain" : "reviews.rkc.me"},
{"domain" : "uprep.attract.ly"},
{"domain" : "app.remedypoint.com"},
{"domain" : "reviews.truthsites.org"},
{"domain" : "reviewmystay.co"},
{"domain" : "reviews.mrpipeline.com"},
{"domain" : "coxreviews.com"},
{"domain" : "account.instantreviews.com"},
{"domain" : "reviews.reputationsurgeons.com"},
{"domain" : "reviews.carebridgedigital.com"},
{"domain" : "reviews.reputationauthority.tv"},
{"domain" : "ratings.revenuemediagroup.com"},
{"domain" : "reviews.disartmedia.com"},
{"domain" : "reviews.lawyerssuccess.com"},
{"domain" : "reviews.proreviews.biz"},
{"domain" : "reviews.viasaas.biz"},
{"domain" : "reviews.1to1network.com"},
{"domain" : "reviewsontherise.com"},
{"domain" : "reviews.fusion360agency.com"},
{"domain" : "reviews.endrizziadvertising.com"},
{"domain" : "reviews.ontherise.social"},
{"domain" : "reviews.thereportingdashboard.com"},
{"domain" : "reviews.amistadpros.com"},
{"domain" : "reviews.washclubbuzz.com"},
{"domain" : "reviews.brandglide.com"},
{"domain" : "localreviews.buzz"},
{"domain" : "reviews.localvoices.io"},
{"domain" : "reviews.cultivatereviews.com"},
{"domain" : "reviews.oicgroup.net"},
{"domain" : "reviews.localsearchfordentists.com"},
{"domain" : "reviews.customerstays.com"},
{"domain" : "reviews.alarmpr.com"},
{"domain" : "reviews.repdriver.com"},
{"domain" : "reputation.calibr8technology.com"},
{"domain" : "yourdentalreviews.com"},
{"domain" : "YourCosmeticReviews.com"},
{"domain" : "YourVeterinarianReviews.com"},
{"domain" : "YourOptometryReviews.com"},
{"domain" : "YourPracticeReviews.com"},
{"domain" : "TheBusinessReviewHub.com"},
{"domain" : "birdeye.CoreAgenda.com"},
{"domain" : "support.goodness.care"},
{"domain" : "reviews.bizinga.com.au"},
{"domain" : "reviews.eecsl.com"},
{"domain" : "reviews.thebrilliantassistant.com"},
{"domain" : "reviews.practicecloud.co"},
{"domain" : "reviews.bizinga.com.uk"},
{"domain" : "birdeye.banyan.com"},
{"domain" : "reviews.refocust.net"}
  ]
}
